作者,commit总数
Aaro Koskinen ,2
Aaron Liu ,4
abdoulaye berthe ,1
Abdul Kabbani ,1
Abhi Das ,1
Adam Williamson ,1
Aditya Pakki ,2
Adrian Huang ,4
Adrian Hunter ,2
Aharon Landau ,1
Ahmad Fatoum ,1
Ahzo ,1
Ajay Gupta ,1
Ajay Singh ,6
Akeem G Abodunrin ,1
Akhil P Oommen ,1
Akinobu Mita ,13
Akshu Agrawal ,2
Al Cooper ,6
Al Viro ,47
Alain Michaud ,3
Alain Volmat ,1
Alan Maguire ,2
Alan Stern ,2
Alberto Mattea ,1
Aleksa Sarai ,4
Alex Deucher ,31
Alex Maftei (amaftei) ,13
Alex Marginean ,6
Alex Shi ,20
Alex Sierra ,8
Alex Sverdlin ,1
Alex Williams ,1
Alexander Lobakin ,10
Alexander Potapenko ,2
Alexander Shishkin ,4
Alexander Tsoy ,3
Alexandra Winter ,1
Alexandre Belloni ,16
Alexandre Ghiti ,2
Alexandre Oliva ,1
Alexandru Ardelean ,5
Alexandru Elisei ,1
Alexandru M Stan ,1
Alexandru Tachici ,4
Alexei Starovoitov ,20
Alexey Dobriyan ,11
Alistair Delva ,1
Alvin Lee ,3
Amadeusz S??awiski ,10
Amanda Liu ,1
Amelie Delaunay ,1
Amir Goldstein ,10
Amit Cohen ,16
Amit Kucheria ,11
Amol Grover ,8
Amritha Nambiar ,1
Anand Jain ,8
Anand Lodnoor ,11
Anatol Pomazau ,1
Andi Kleen ,2
André Hentschel ,2
Andrea Parri ,3
Andreas Dilger ,1
Andreas Gruenbacher ,4
Andreas Kemnade ,1
Andreas Larsson ,1
Andrei Otcheretianski ,3
Andrei Vagin ,23
Andres Freund ,1
Andrew F. Davis ,5
Andrew Jones ,1
Andrew Lunn ,6
Andrew Morton ,2
Andrew Murray ,2
Andrey Ignatov ,1
Andrey Shvetsov ,1
Andrey Smirnov ,12
Andrii Nakryiko ,19
Andy Shevchenko ,30
Aneesh Kumar K.V ,4
Anilkumar Kolli ,1
Anirudh Ghayal ,1
Anirudh Venkataramanan ,4
Anshuman Khandual ,6
Anson Huang ,11
Anthony Koo ,2
Anthony Mallet ,2
Antoine Tenart ,11
Anton Eidelman ,1
Anup Patel ,5
Anurag Kumar Vulisha ,1
Ard Biesheuvel ,37
Aric Cyr ,6
Arnaldo Carvalho de Melo ,24
Arnaud Pouliquen ,1
Arnd Bergmann ,30
Artem Savkov ,1
Artemy Kovalyov ,2
Arthur Heymans ,2
Arthur Kiyanovski ,9
Arun Easi ,1
Arun Parameswaran ,1
Arvind Sankar ,32
Aurelien Aptel ,4
Avihai Horon ,2
Avraham Stern ,1
Axel Lin ,9
Aya Levin ,4
Baolin Wang ,7
Baoquan He ,1
Bard Liao ,4
Bard liao ,1
Barret Rhoden ,2
Bart Van Assche ,5
Bartosz Golaszewski ,12
Bean Huo ,9
Ben Chuang ,1
Ben Dooks ,1
Ben Dooks (Codethink) ,2
Ben Gardon ,2
Ben Shelton ,1
Ben Skeggs ,91
Ben Whitten ,1
Beniamin Bia ,4
Benjamin Block ,1
Benjamin Gaignard ,7
Benjamin Poirier ,2
Benjamin Thiel ,1
Benjamin Tissoires ,1
Benoit Parrot ,15
Benson Leung ,1
Bernard Metzler ,2
Bhagavathi Perumal S ,2
Bharata B Rao ,2
Bhaskar Upadhaya ,1
Bhawanpreet Lakha ,4
Bibby Hsieh ,6
Bijan Mottahedeh ,2
Biju Das ,1
Bin Liu ,2
Bingbu Cao ,2
Bj??rn Mork ,2
Bj??rn T??pel ,1
Bjorn Andersson ,10
Bjorn Helgaas ,17
Bob Moore ,2
Bob Peterson ,1
Boqun Feng ,1
Boris Brezillon ,3
Boris Ostrovsky ,6
Boris Protopopov ,1
Borislav Petkov ,4
Brahadambal Srinivasan ,1
Brandon Maier ,1
Brandon Syu ,1
Brendan Higgins ,9
Brett Creeley ,5
Brian Masney ,1
Brian Norris ,2
Brian Vazquez ,8
Bruce Allan ,2
Bryan O'Donoghue ,4
Byungchul Park ,1
Can Guo ,1
Carlo Nonato ,1
Carlos Maiolino ,5
Casey Schaufler ,1
Catalin Marinas ,4
Caz Yokoyama ,1
Cengiz Can ,3
Cezary Rojewski ,2
Changbin Du ,4
changzhu ,1
Chanwoo Choi ,2
Chao Yu ,5
Charlene Liu ,1
Charles Keepax ,12
chen gong ,3
Chen Wandun ,5
Chen Yu ,7
Chen Zhou ,16
Chengguang Xu ,7
chenqiwu ,2
Chen-Tsung Hsieh ,1
Chen-Yu Tsai ,1
Chin-Yen Lee ,8
Chris Down ,3
Chris Mason ,1
Chris Packham ,1
Chris Park ,1
Chris Wilson ,44
Christian Borntraeger ,8
Christian Brauner ,5
Christian Gromm ,10
Christian Hewitt ,1
Christian K??nig ,2
Christian Lachner ,1
Christian Zigotzky ,1
Christina Jacob ,1
Christoffer Dall ,1
Christoph Hellwig ,20
Christoph Paasch ,2
Christophe JAILLET ,8
Christophe Leroy ,65
Christophe Roullier ,1
Chuansheng Liu ,1
Chuck Lever ,17
Chuhong Yuan ,5
Chunguang Xu ,1
Chunyan Zhang ,6
Claudiu Beznea ,23
Clay Chang ,1
Clément Péron ,1
Codrin.Ciubotariu@microchip.com ,1
Colin Ian King ,60
Coly Li ,15
Cong Wang ,11
Corentin Labbe ,5
Corey Minyard ,1
Cristian Marussi ,2
Cyril Hrubis ,1
Dafna Hirschfeld ,3
Dai Ngo ,1
Dajun Jin ,1
Damian van Soelen ,1
Damien Le Moal ,6
Dan Callaghan ,1
Dan Carpenter ,35
Dan Lazewatsky ,1
Dan Moulding ,1
Dan Murphy ,7
Dan Williams ,6
dan.carpenter@oracle.com ,1
Daniel Axtens ,2
Daniel Borkmann ,6
Daniel Campello ,1
Daniel Díaz ,1
Daniel Drake ,1
Daniel Golle ,1
Daniel Jordan ,2
Daniel Kolesa ,1
Daniel Lezcano ,6
Daniel Rosenberg ,3
Daniel Thompson ,1
Daniel Verkamp ,2
Daniel Vetter ,5
Daniel W. S. Almeida ,12
Daniel Wagner ,3
Daniele Palmas ,2
Danit Goldberg ,1
Darrick J. Wong ,23
Dave Airlie ,47
Dave Ertman ,2
Dave Hansen ,5
Dave Jiang ,13
Dave Martin ,1
David Ahern ,1
David Engraf ,1
David Hildenbrand ,17
David Howells ,21
David Michael ,1
David Rientjes ,2
David S. Miller ,114
David Sterba ,8
David Woodhouse ,1
Davide Caratti ,6
Davidlohr Bueso ,1
Dejin Zheng ,4
Dennis Dalessandro ,1
Dennis Li ,6
Dennis Zhou ,24
Desnes A. Nunes do Rosario ,1
Devulapally Shiva Krishna ,1
Dexuan Cui ,9
Dilip Kota ,1
Dillon Brock ,1
Dinh Nguyen ,1
Dirk Behme ,1
Dmitry Bezrukov ,1
Dmitry Bogdanov ,3
Dmitry Monakhov ,3
Dmitry Osipenko ,18
Dmitry Safonov ,14
Dmitry Torokhov ,4
Dmitry Vyukov ,1
Dmitry Yakunin ,2
Dmytro Laktyushkin ,1
Dmytro Linkin ,2
Dominik Czarnota ,1
Dongdong Liu ,1
Dongli Zhang ,3
Dor Askayo ,1
Doug Smythies ,2
Douglas Anderson ,20
Dr. David Alan Gilbert ,5
Dragos Tarcatu ,2
Eddie James ,7
Edward Cree ,1
Edwin Peer ,1
Eelco Chaudron ,1
Egor Pomozov ,1
EJ Hsu ,1
Eli Cohen ,1
Emil Velikov ,3
Emmanuel Grumbach ,2
Enric Balletbo i Serra ,3
Eran Ben Elisha ,3
Erdem Aktas ,1
Erez Shitrit ,3
Eric Auger ,9
Eric Biggers ,45
Eric Dumazet ,31
Eric Hankland ,1
Eric Sandeen ,1
Eric Snowberg ,1
Eric Yang ,1
Erik Bussing ,1
Erin Lo ,2
Erwan Velu ,1
Esben Haabendal ,6
Etienne Carriere ,3
Eugen Hristev ,2
Eugene Syromiatnikov ,1
Eugenio Pérez ,1
Eugeniu Rosca ,3
Eugeniy Paltsev ,2
Evan Benn ,1
Evan Green ,1
Evan Quan ,5
Eyal Birger ,1
Ezequiel Garcia ,1
Fabian Frederick ,1
Fabio Estevam ,1
Fabrice Gasnier ,3
Faiz Abbas ,11
Felipe Cardoso Resende ,1
Felix Fietkau ,4
Felix Kuehling ,2
Filipe Laíns ,1
Filipe Manana ,13
Finn Thain ,12
Firo Yang ,1
Flora Cui ,1
Florent Revest ,1
Florian Fainelli ,23
Florian Westphal ,25
Frank A. Cancio Bello ,3
Frank Sorenson ,1
Frederic Barrat ,12
Frieder Schrempf ,1
Fritz Koenig ,1
Fugang Duan ,1
Gabriel Krisman Bertazi ,3
Gal Pressman ,4
Ganapathi Bhat ,2
Gang He ,1
Gao Xiang ,3
Gaurav Agrawal ,1
Gavin Shan ,3
Gayatri Kammela ,1
Geert Uytterhoeven ,36
Geetha sowjanya ,2
George Shen ,1
Georgi Djakov ,1
Gerald Schaefer ,2
Gerd Hoffmann ,5
Gilad Ben-Yossef ,8
Gilles Buloz ,2
Golan Ben Ami ,1
Govind Singh ,2
Grant Likely ,1
Greentime Hu ,2
Greg Kroah-Hartman ,30
Greg Kurz ,3
Greg Ungerer ,1
Grygorii Strashko ,9
Guangbin Huang ,2
Guchun Chen ,4
Guennadi Liakhovetski ,2
Guenter Roeck ,18
Guido Günther ,1
Guillaume La Roque ,3
Guillaume Nault ,4
Guo Ren ,18
Guojia Liao ,2
Guoju Fang ,1
Guoqing Jiang ,13
Guoyun Sun ,1
Gustavo A. R. Silva ,16
Gustavo Luiz Duarte ,1
H. Nikolaus Schaller ,2
H.J. Lu ,1
H??kon Bugge ,1
Hadar Gat ,2
Haiwei Li ,2
Haiyang Zhang ,4
Haiyi Zhou ,1
Halil Pasic ,2
Hamdan Igbaria ,4
Hamish Martin ,1
Hangbin Liu ,10
Hanjun Guo ,3
Hannes Reinecke ,3
Hanno Zulla ,3
Hans de Goede ,12
Hans Verkuil ,7
Hans Westgaard Ry ,3
Hans Wippel ,1
Hao Lee ,1
Harald Freudenberger ,11
Hardik Gajjar ,1
Harigovindan P ,2
Harini Katakam ,2
Harry Pan ,3
Harry Wentland ,2
Hauke Mehrtens ,1
Hawking Zhang ,8
Hayes Wang ,9
He Zhe ,2
Heidi Fahim ,2
Heikki Krogerus ,3
Heiko Stuebner ,2
Heiner Kallweit ,27
Helge Deller ,1
Herbert Xu ,2
Hersen Wu ,2
Hewenliang ,1
Hillf Danton ,1
Hongbo Yao ,5
hor: Paulo Alcantara (SUSE) ,1
Horatiu Vultur ,1
Horia Geant?? ,3
Hou Pengyang ,1
Hou Tao ,3
Hridya Valsaraju ,3
Huaisheng Ye ,2
Huang Rui ,2
Huang Ying ,1
Huazhong Tan ,10
Hugh Dickins ,1
Hui Wang ,1
Huy Nguyen ,1
Hyunki Koo ,1
Ian Abbott ,2
Ian Rogers ,1
Icenowy Zheng ,1
Ido Schimmel ,21
Igor Druzhinin ,3
Igor Russkikh ,1
Ikjoon Jang ,1
Ilia Mirkin ,1
Ilie Halip ,1
Ilya Dryomov ,1
Ingo Molnar ,17
Inki Dae ,1
Ioana Ciornei ,1
Ioanna Alifieraki ,1
Ira Weiny ,1
Isabel Zhang ,2
Israel Rukshin ,2
Jacek Anaszewski ,1
Jack Mitchell ,1
Jack Morgenstein ,1
Jack Pham ,2
Jack Yu ,4
Jack Zhang ,1
Jacob Keller ,23
Jaegeuk Kim ,8
Jagan Teki ,1
Jakub Kicinski ,36
Jakub Sitnicki ,5
James Hughes ,1
James Jones ,2
James Morris ,1
James Morse ,6
James Zhu ,16
Jan H. Sch??nherr ,3
Jan Kara ,6
Jani Nikula ,8
Jann Horn ,2
Janne Karhunen ,1
Janosch Frank ,4
Jari Ruusu ,1
Jarkko Nikula ,3
Jarkko Sakkinen ,1
Jaroslav Kysela ,1
Jason A. Donenfeld ,34
Jason Baron ,1
Jason Gunthorpe ,35
Javier Martinez Canillas ,1
Jay Dolan ,1
Jayshri Pawar ,1
JC Kuo ,1
Jean Delvare ,1
Jean Pihet ,3
Jean-Baptiste Maneyrol ,1
Jean-Philippe Brucker ,14
Jeff Chang ,1
Jeff Layton ,7
Jeff Mahoney ,2
Jeff Moyer ,1
Jens Axboe ,91
Jér??me Pouiller ,70
Jeremy Cline ,1
Jeremy Sowden ,11
Jernej Skrabec ,5
Jerome Brunet ,1
Jerónimo Borque ,1
Jerry (Fangzhi) Zuo ,1
Jerry Lin ,1
Jerry Snitselaar ,3
Jesper Dangaard Brouer ,2
Jessica Yu ,3
Jethro Beekman ,1
Jia-Ju Bai ,3
Jian Shen ,4
Jiang Lidong ,1
Jian-Hong Pan ,5
Jiaran Zhang ,1
Jiaxun Yang ,6
Jim Lin ,1
Jim Quinlan ,3
Jim Wright ,3
jimyan ,1
Jin Yao ,1
Jing Lin ,1
Jiri Benc ,2
Jiri Kosina ,2
Jiri Olsa ,11
Jiri Pirko ,10
Jiri Slaby ,4
Jiri Wiesner ,2
Jisheng Zhang ,2
Jiufei Xue ,2
Joakim Zhang ,3
Joe Perches ,5
Joe Thornber ,1
Joel Fernandes ,1
Joel Fernandes (Google) ,5
Joel Stanley ,1
Joerg Roedel ,9
Johan Hovold ,35
Johan Jonker ,9
Johan Korsnes ,2
Johannes Berg ,9
Johannes Krude ,1
Johannes Thumshirn ,7
John Allen ,1
John Bates ,1
John Clements ,3
John Crispin ,1
John Fastabend ,12
John Garry ,7
John Hubbard ,21
John Keeping ,4
John Sperbeck ,1
John Stultz ,3
Jon Derrick ,6
Jon Hunter ,1
Jon Maloy ,1
Jonas Gorski ,1
Jonas Karlman ,1
Jonas Meurer ,1
Jonathan Corbet ,4
Jonathan Kim ,1
Jonathan Lemon ,3
Jonathan Neusch??fer ,9
Jordan Crouse ,3
Jordan Niethe ,1
Jordy Ubink ,1
Jose Abreu ,16
José Roberto de Souza ,4
Josef Bacik ,19
Joseph Gravenor ,1
Joseph Greathouse ,4
Joseph Kust ,1
Josh Poimboeuf ,1
Josh Triplett ,1
Josip Pavic ,2
Jouni Hogander ,1
Jouni Malinen ,1
Jozsef Kadlecsik ,2
Juergen Gross ,6
Jules Irenge ,1
Julia Lawall ,5
Julian Wiedmann ,17
Julien Masson ,1
Julien Thierry ,1
Juliet Kim ,1
Julio Faracco ,2
Jun Lei ,1
Jun Li ,3
Junyong Sun ,1
Jyri Sarha ,1
Kadlecsik József ,2
Kai Li ,1
Kai Vehmanen ,10
Kai-Heng Feng ,5
Kaike Wan ,2
Kailang Yang ,5
Kaitao Cheng ,1
Kalle Valo ,3
Kalyan Thota ,1
Kamal Heib ,1
Kan Liang ,7
Kars de Jong ,1
Karsten Graul ,2
kbuild test robot ,2
Kees Cook ,11
Keith Busch ,2
Keiya Nobuta ,1
Kelvin Cao ,3
Kenneth Feng ,1
Kent Gibson ,1
Kent Gustavsson ,1
Kevin Hao ,7
Keyon Jie ,1
Khouloud Touil ,1
Kim Phillips ,8
Kirill A. Shutemov ,4
Kishon Vijay Abraham I ,5
Konstantin Khlebnikov ,1
KP Singh ,1
Krish Sadhukhan ,1
Krishnamraju Eraparaju ,2
Kristian Evensen ,3
Krzysztof Kozlowski ,36
Kunihiko Hayashi ,2
Kuninori Morimoto ,28
Kuniyuki Iwashima ,1
Kuppuswamy Sathyanarayanan ,1
Lai Jiangshan ,8
Lakshmi Ramasubramanian ,4
Larry Finger ,6
Lars M??llendorf ,1
Lars-Peter Clausen ,1
Laurentiu Tudor ,2
Lee Jones ,1
Len Brown ,5
Leo Liu ,2
Leo Yan ,2
Leon Romanovsky ,8
Leonard Crestez ,7
Leonardo Bras ,2
Lewis Huang ,4
Ley Foon Tan ,2
Li Guanglei ,1
Li RongQing ,3
Li Xinhai ,1
Liang Chen ,1
lijiazi ,1
Lijun Ou ,2
Liming Sun ,1
Linu Cherian ,1
Linus Torvalds ,480
Linus Walleij ,28
Liu Song ,2
Logan Gunthorpe ,11
Loic Poulain ,1
Lokesh Vutla ,1
Long Li ,1
Lorenz Bauer ,6
Lorenzo Bianconi ,9
Lu Baolu ,3
Lu Shuaibing ,1
luanshi ,1
Lubomir Rintel ,3
Luc Van Oostenryck ,3
Luca Ceresoli ,29
Luca Coelho ,1
Luca Weiss ,2
Lucas De Marchi ,1
Lucas Stach ,1
Lucas Tanure ,1
Luis Henriques ,2
Luiz Augusto von Dentz ,7
Lukas Bulwahn ,8
Lukas Wunner ,9
Luo bin ,3
Luo Jiaxing ,3
Luuk Paulussen ,1
Lyude Paul ,10
Ma Jun ,1
Maarten Brock ,3
Maarten Lankhorst ,1
Maciej Fijalkowski ,3
Maciej S. Szmigiero ,2
Madalin Bucur ,9
Madhuparna Bhowmik ,20
Magnus Karlsson ,2
Mahesh Bandewar ,3
Maital Hahn ,1
MaJun ,1
Malcolm Priestley ,6
Manfred Spraul ,4
Manish Chopra ,1
Manish Narani ,1
Manivannan Sadhasivam ,4
Mans Rullgard ,1
Mansour Behabadi ,1
Mao Han ,1
Maoguang Meng ,1
Maor Gottlieb ,3
Marc Zyngier ,21
Marcel Holtmann ,3
Marcel Ziswiler ,1
Marco Elver ,1
Marco Felsch ,14
Marcos Paulo de Souza ,2
Marek Behún ,1
Marek Marczykowski-Górecki ,1
Marek Szyprowski ,10
Marek Vasut ,8
Mario Kleiner ,4
Marios Pomonis ,13
Mark Brown ,21
Mark Rutland ,11
Mark Tomlinson ,1
Mark Zhang ,2
Markus Reichl ,1
Markus Theil ,1
Martijn Coenen ,1
Martin Blumenstingl ,3
Martin Fuzzey ,2
Martin KaFai Lau ,13
Martin Kepplinger ,1
Martin Leung ,2
Martin Schiller ,2
Martin Tsai ,1
Masahiro Yamada ,61
Masami Hiramatsu ,49
Masami Ichikawa ,1
Masanari Iida ,3
Mat Martineau ,6
Mateusz Nosek ,2
Matheus Castello ,1
Mathias Kresin ,1
Mathias Nyman ,5
Mathieu Desnoyers ,1
Matt Coffin ,1
Matt Ranostay ,1
Matt Roper ,4
Matteo Croce ,3
Matthew Auld ,2
Matthew Garrett ,1
Matthew Wilcox (Oracle) ,5
Matthias Brugger ,1
Matthias Fend ,1
Matthias Kaehlcke ,1
Matthias Reichl ,1
Matthieu Baerts ,3
Matti Vaittinen ,11
Matwey V. Kornilov ,1
Mauro Carvalho Chehab ,34
Mauro Rossi ,1
Max Filippov ,9
Max Gurtovoy ,1
Maxim Kiselev ,1
Maxim Mikityanskiy ,2
Maxime Ripard ,4
Md Fahad Iqbal Polash ,2
Megha Dey ,2
Meir Lichtinger ,1
Mel Gorman ,3
Mert Dirik ,1
Miaohe Lin ,23
Micha?? Miros??aw ,9
Micha?? Winiarski ,2
Michael Auchter ,1
Michael Bringmann ,1
Michael Chan ,12
Michael Ellerman ,18
Michael Grzeschik ,1
Michael Guralnik ,8
Michael Petlan ,1
Michael S. Tsirkin ,1
Michael Straube ,14
Michael Strauss ,2
Michael Walle ,13
Michal Hocko ,1
Michal Kalderon ,14
Michal Koutn?? ,2
Michal Kubecek ,9
Michal Rostecki ,1
Michal Simek ,6
Michal Swiatkowski ,1
Michal Wajdeczko ,4
Miguel Ojeda ,1
Mika Westerberg ,31
Mike Christie ,1
Mike Gilbert ,1
Mike Jones ,1
Mike Marciniszyn ,1
Mike Rapoport ,3
Mike Snitzer ,6
Mikhail Karpenko ,1
Mikhail Petrov ,1
Mikhail Zaslonko ,6
Mikita Lipski ,3
Miklos Szeredi ,7
Mikulas Patocka ,11
Milan Broz ,2
Milan Pandurov ,1
Miles Chen ,1
Milind Parab ,1
Mimi Zohar ,1
Min Guo ,5
Minas Harutyunyan ,3
Ming Lei ,4
Miquel Raynal ,5
Miroslav Benes ,3
Mohammed Gamal ,1
Mohan Kumar ,2
Mohit P. Tahiliani ,10
Moni Shoua ,5
Monk Liu ,1
Mordechay Goodstein ,1
Moritz Fischer ,1
Moshe Shemesh ,1
Murphy Zhou ,3
Nagarjuna Kristam ,1
Naoto Kobayashi ,1
Nariman Etemadi ,1
Nathan Chancellor ,18
Naveen N. Rao ,1
Navid Emamdoost ,1
Neal Cardwell ,1
Nicholas Johnson ,9
Nicholas Kazlauskas ,12
Nicholas Piggin ,1
Nick Black ,1
Nick Desaulniers ,1
Nick Hu ,3
Nicola Lunghi ,1
Nicolai Stange ,2
Nicolas Belin ,1
Nicolas Cavallari ,1
Nicolas Dichtel ,2
Nicolas Ferre ,2
Nicolas Pitre ,1
Nicolas Saenz Julienne ,9
Nicolin Chen ,1
Nigel Kirkland ,1
Nikhil Mahale ,1
Nikita Danilov ,1
Nikita Sobolev ,1
Niklas Cassel ,1
Niklas S??derlund ,4
Niklas Schnelle ,3
Niko Kortstrom ,1
Nikola Cornij ,1
Nikolay Aleksandrov ,14
Nikolay Borisov ,13
Nirmoy Das ,8
Nishad Kamdar ,3
Nitesh Narayan Lal ,1
Niu Xilei ,1
Noah Abradjian ,4
Nuno Sá ,2
Oded Gabbay ,2
Oder Chiou ,1
Ofir Drang ,1
OGAWA Hirofumi ,1
Ole Wiedemann ,1
Oleksandr Suvorov ,2
Olga Kornievskaia ,4
Oliver Neukum ,1
Oliver O'Halloran ,23
Oliver Upton ,8
Olivier Moysan ,5
Olof Johansson ,98
Omar Sandoval ,12
Omer Shpigelman ,1
Ondrej Mosnacek ,5
Ong Boon Leong ,1
"Ooi, Joyce ",1
or: Alex Deucher ,1
or: Kirill A. Shutemov ,1
or: Peter Rosin ,2
Orr Mazor ,1
Orson Zhai ,2
Oscar Ravadilla ,1
Pablo Neira Ayuso ,18
Pali Rohár ,2
Pan Xiuli ,2
"Pan, Xinhui ",1
Paolo Abeni ,9
Paolo Bonzini ,29
Paolo Lungaroni ,1
Paolo Valente ,7
Parav Pandit ,2
Pascal Paillet ,6
Patrice Chotard ,1
Patrick Rudolph ,1
Paul Blakey ,14
Paul Burton ,3
Paul Cercueil ,14
Paul E. McKenney ,12
Paul Greenwalt ,1
Paul Hsieh ,2
Paul Kocialkowski ,1
Paul Moore ,3
Paul Thomas ,1
Paulo Alcantara (SUSE) ,9
Paulo Miguel Almeida ,1
Pavan Chebbi ,1
Pavel ,1
Pavel Begunkov ,37
Pavel Belous ,3
Pavel Machek ,2
Pawan Gupta ,1
Peng Fan ,3
Peng Hao ,1
Peng Liu ,1
Peng Wang ,1
Pengcheng Yang ,1
Per Forlin ,2
Peter Chen ,8
Peter Gro??e ,1
Peter Krystad ,7
Peter Mamonov ,1
Peter Robinson ,2
Peter Ujfalusi ,34
Peter Xu ,5
Peter Zijlstra ,11
Peter Zijlstra (Intel) ,1
Petr ??tetiar ,1
Petr Machata ,17
Petr Mladek ,5
Petr Pavlu ,1
Petr Vorel ,1
Phil Elwell ,1
Philipp Zabel ,1
Philippe Schenker ,1
Phong LE ,1
Pierre Morel ,1
Pierre-Louis Bossart ,43
Pi-Hsun Shih ,1
Pingfan Liu ,2
Ping-Ke Shih ,2
Prabhakar Kushwaha ,1
Prabhath Sajeepa ,1
Pragat Pandya ,1
Prashant Malani ,1
Pratham Pratap ,1
Praveen Chaudhary ,1
Prike Liang ,2
Qais Yousef ,2
Qian Cai ,13
Qianggui Song ,3
Qing Xu ,2
Qiujun Huang ,3
Qu Wenruo ,8
Quanyang Wang ,1
Quentin Deslandes ,1
Raag Jadav ,1
Raed Salem ,2
Rafa?? Mi??ecki ,2
Rafael J. Wysocki ,44
Rahul Lakkireddy ,2
Rajan Vaja ,7
Rakesh Pillai ,1
Ralph Campbell ,3
Ramuthevar Vadivel Murugan ,3
Ran Wang ,1
Rander Wang ,3
Randy Dunlap ,25
Ranjani Sridharan ,1
Rao Shoaib ,2
Rasmus Villemoes ,6
Raul E Rangel ,1
Ravi Bangoria ,13
Ravi Kumar Siddojigari ,1
Ravulapati Vishnu vardhan rao ,4
Rayagonda Kokatanur ,1
Razvan Stefanescu ,1
Reinhard Speyerer ,1
Remi Pommarel ,1
Reto Schneider ,3
Rhys Perry ,1
Richard Dodd ,1
Richard Henderson ,11
Richard Palethorpe ,1
Ricky Wu ,1
Ridge Kennedy ,1
Rijo Thomas ,5
Rikard Falkeborn ,1
Ritesh Harjani ,2
Rob Clark ,5
Rob Herring ,13
Robert Jones ,4
Robert Marko ,2
Robert Milkowski ,2
Robert Richter ,2
Roberto Bergantinos Corpas ,1
Roberto Sassu ,1
Robin Murphy ,6
Rocky Liao ,4
Rodrigo Siqueira ,1
Roger Quadros ,4
Rohit Maheshwari ,1
Roi Dayan ,1
Roland Scheidegger ,1
Roman Gushchin ,1
Roman Kiryanov ,1
Roman Li ,2
Roman Penyaev ,1
Ronald Tschal??r ,1
Ronnie Sahlberg ,11
Rui Feng ,1
Russell Currey ,2
Russell King ,45
Sachin agarwal ,2
Saeed Mahameed ,5
Sagi Grimberg ,2
Sahitya Tummala ,2
Sai Prakash Ranjan ,2
Sakari Ailus ,2
Sam Bobroff ,1
Sameeh Jubran ,3
Sameer Pujar ,1
Sameer Rahmani ,1
Sami Tolvanen ,3
Samuel Holland ,13
Samuel Thibault ,1
Sandeep Sheriker Mallikarjun ,1
Sara Sharon ,1
Saravana Kannan ,3
Saravanan Sekar ,1
Sargun Dhillon ,4
Sascha Hauer ,2
Sasha Levin ,1
Sasha Neftin ,5
satya priya ,1
Saurav Girepunje ,1
Scott Branden ,2
Scott Chen ,1
Scott Mayhew ,8
Scott Wood ,1
Sean Christopherson ,112
Sean Paul ,2
Sebastian Andrzej Siewior ,5
Sébastien Szymanski ,1
SeongJae Park ,11
Sergey Gorenko ,1
Sergey Korolev ,1
Sergey Matyukevich ,6
Sergey Organov ,1
Sergey Zakharchenko ,1
Shakeel Butt ,2
Shannon Nelson ,3
Shannon Zhao ,1
Shaokun Zhang ,2
shaoyunl ,1
Shay Bar ,1
Shengjiu Wang ,3
Sherry Sun ,1
Shijie Luo ,4
Shile Zhang ,1
Shin'ichiro Kawasaki ,4
Shirish S ,1
Shuah Khan ,1
Shubhrajyoti Datta ,5
Shuming Fan ,2
Shyam Kumar Thella ,1
Shyam Prasad N ,1
Shyjumon N ,1
Sibi Sankar ,4
Siddhesh Poyarekar ,1
Simon Schwartz ,1
Song Liu ,3
Srinivas Kandagatla ,9
Srinivas Neeli ,1
Srinivas Pandruvada ,7
Stanislav Fomichev ,1
Stanislav Lisovskiy ,1
Stanley Chu ,8
Stanley.Yang ,1
Stefan Haberland ,1
Stefan Mavrodiev ,1
Stefan Metzmacher ,1
Stefan Popa ,1
Stefan Schaeckeler ,1
Stefan Wahren ,7
Stefano Brivio ,9
Stefano Garzarella ,3
Steffen Klassert ,4
Stephan Gerhold ,12
Stephen Boyd ,30
Stephen Hemminger ,1
Stephen Kitt ,4
Stephen Rothwell ,2
Stephen Smalley ,2
Stephen Worley ,1
Steve French ,11
Steven Clarkson ,1
Steven Price ,28
Steven Rostedt (VMware) ,26
Su Yanjun ,1
Su Yue ,2
Sudarsana Reddy Kalluru ,1
Sudheesh Mavila ,1
Sukadev Bhattiprolu ,4
Suman Anna ,3
Sun Ke ,1
Sung Lee ,5
Sunil Goutham ,13
Sunil Muthuswamy ,1
Suraj Jitindar Singh ,2
Suravee Suthikulpanit ,17
Suren Baghdasaryan ,2
Sushma Kalakota ,1
Suzuki K Poulose ,7
Sven Auhagen ,1
Sven Eckelmann ,2
Sven Schnelle ,3
Sven Van Asbroeck ,1
"Swaminathan, Nivedita ",1
SZ Lin (林上智) ,1
Taehee Yoo ,19
Taejoon Song ,1
Takashi Iwai ,50
Takashi Sakamoto ,7
"Tan, Tee Min ",2
tangbin ,1
Taniya Das ,2
Tariq Toukan ,5
Tejas Patel ,2
Tejun Heo ,3
Tero Kristo ,1
Tetsuhiro Kohada ,1
Tetsuo Handa ,1
Thadeu Lima de Souza Cascardo ,1
Theodore Dubois ,1
Theodore Ts'o ,8
Thierry Reding ,19
Thinh Nguyen ,7
Thomas Bogendoerfer ,8
Thomas Gleixner ,18
Thomas Hebb ,2
Thomas Hellstrom ,5
Thomas Renninger ,1
Thomas Richter ,6
Thomas Zimmermann ,1
Thommy Jakobsson ,1
Tian Tao ,1
Tianci.Yin ,6
Tianjia Zhang ,2
Tianlin Li ,1
Tianyu Lan ,1
Tiecheng Zhou ,1
Tiezhu Yang ,2
Tim Harvey ,3
Tina Zhang ,4
Tobias Klauser ,2
Tobias Schramm ,1
Toke H??iland-J??rgensen ,17
Tom Lendacky ,3
Tom St Denis ,2
Tom Zanussi ,28
Tom Zhao ,1
Tomas Henzl ,1
Tomas Novotny ,2
Tomas Paukrt ,1
Tomas Winkler ,2
Tomasz Duszynski ,1
Tomer Maimon ,4
Tomeu Vizoso ,1
Tomi Valkeinen ,2
Tommi Rantala ,3
Tony Fischetti ,1
Tony Lindgren ,36
Tony Luck ,1
Tony Nguyen ,8
Tony W Wang-oc ,4
Topi Kuutela ,1
Trond Myklebust ,56
Tudor Ambarus ,2
Tuong Lien ,1
Tvrtko Ursulin ,3
Tycho Andersen ,2
Tyler Hicks ,3
Tyrel Datwyler ,1
Tzu-En Huang ,2
Tzung-Bi Shih ,6
Ulf Hansson ,15
Ulrich Weber ,2
Ursula Braun ,3
Uwe Kleine-K??nig ,10
Vadim Pasternak ,21
Vaibhav Jain ,2
Valdis Klētnieks ,1
Valentin Schneider ,1
Vandita Kulkarni ,1
Vasily Averin ,21
Vasily Gorbik ,4
Vasily Khoruzhick ,4
Vasundhara Volam ,12
Veerabhadrarao Badiganti ,1
Venkatesh Yadav Abbarapu ,1
"Verma, Aashish ",1
Victor Kamensky ,2
Vignesh Raghavendra ,7
Ville Syrj??l?? ,5
Vinay Kumar Yadav ,2
Vincent Chen ,2
Vincent Guittot ,4
Vincent Prince ,1
Vincent Whitchurch ,2
Vincenzo Frascino ,14
Vineet Gupta ,6
Vinicius Costa Gomes ,6
Vinod Koul ,3
Viresh Kumar ,2
Vishal Kulkarni ,1
Vitaly Kuznetsov ,8
Vitaly Wool ,1
Vitor Soares ,1
Vivek Goyal ,2
Vivek Kasireddy ,3
Vlad Buslov ,3
Vladimir Murzin ,5
Vladimir Oltean ,8
Vladis Dronov ,4
Vlastimil Babka ,5
Voon Weifeng ,1
Waiman Long ,4
Wambui Karuga ,3
Wang Hai ,1
Wang Long ,1
Wang Xuerui ,1
"Wang, Peng 1. (NSB - CN/Hangzhou) ",1
wangyan ,4
Wanpeng Li ,6
wanpeng li ,1
Wayne Lin ,3
Wei Hu ,1
Wei Li ,4
Wei Liu ,2
Wei Yang ,8
Wei Yongjun ,5
Weihang Li ,1
Wen Gong ,1
Wen He ,2
Wen Xiong ,1
Wen Yang ,5
Wen-chien Jesse Sung ,1
Wenjing Liu ,7
Wenwen Wang ,3
wenxu ,2
Wesley Sheng ,2
Will Deacon ,17
Willem de Bruijn ,4
William Dauchy ,3
Wolfram Sang ,24
Wyatt Wood ,3
Xiang Chen ,2
Xiao Yang ,1
Xiaochen Shen ,6
xiaofeng.yan ,1
Xiaoguang Wang ,2
Xiaoyao Li ,1
Xin Long ,1
xinhui pan ,1
Xiong ,1
Xiubo Li ,16
Xu Wang ,2
Yang Shi ,2
Yangbo Lu ,7
yangerkun ,2
Yangtao Li ,19
Yan-Hsuan Chuang ,6
Yash Shah ,9
Yauhen Kharuzhy ,3
Yazen Ghannam ,5
Yevgeny Kliteynik ,1
Yi Zhang ,1
Yicong Yang ,1
Yintian Tao ,1
Yishai Hadas ,6
Yonatan Cohen ,1
Yong Zhao ,3
Yong Zhi ,2
yong.liang ,5
Yonghong Song ,8
Yonghyun Hwang ,1
Yonglong Liu ,4
Yongqiang Sun ,4
Yoshiki Komachi ,2
You-Sheng Yang ,1
yu kuai ,4
Yu Zhao ,2
Yue Hu ,1
YueHaibing ,33
yuehaibing ,1
Yufeng Mo ,1
Yu-Hsuan Hsu ,1
Yuji Sasaki ,1
Yuki Taguchi ,1
Yulia Kartseva ,1
Yunfeng Ye ,2
Yunsheng Lin ,3
Yurii Monakov ,2
Yury Norov ,10
Yuti Amonkar ,1
Zaibo Xu ,13
Zak Hays ,2
Zeng Tao ,1
Zenghui Yu ,11
Zhan Liu ,2
Zhang Xiaoxu ,5
zhangyi (F) ,6
Zheng Bin ,4
zhengbin ,19
Zhengyuan Liu ,3
zhenwei pi ,2
Zhenyu Wang ,1
Zhenzhong Duan ,2
Zhi Chen ,1
Zhihao Cheng ,1
Zhiqiang Liu ,2
Zhou Wang ,1
Zhu Yanjun ,1
Zhuang Yanying ,1
Zong Li ,3
Zong-Zhe Yang ,1
周琰杰 (Zhou Yanjie) ,3
